{"cameraMode":{"drawMode":0,"name":"Shaded","section":"Shading Mode"},"sceneLighting":false,"audioPlay":false,"sceneViewState":{"m_AlwaysRefresh":false,"showFog":true,"showSkybox":false,"showFlares":true,"showImageEffects":true,"showParticleSystems":true,"showVisualEffectGraphs":true,"m_FxEnabled":true},"in2DMode":false,"pivot":{"x":0.004873722791671753,"y":1.6567083597183228,"z":3.2254934310913088},"rotation":{"x":-0.05370519310235977,"y":0.9050236940383911,"z":-0.12016179412603378,"w":-0.40449029207229617},"size":0.6238982677459717,"orthographic":false}