{"cameraMode":{"drawMode":0,"name":"Shaded","section":"Shading Mode"},"sceneLighting":true,"audioPlay":false,"sceneViewState":{"m_AlwaysRefresh":false,"showFog":true,"showSkybox":true,"showFlares":true,"showImageEffects":true,"showParticleSystems":true,"showVisualEffectGraphs":true,"m_FxEnabled":true},"in2DMode":false,"pivot":{"x":-1.5993523597717286,"y":1.0916004180908204,"z":1.0408010482788087},"rotation":{"x":-0.23988547921180726,"y":0.3148064613342285,"z":-0.08256667107343674,"w":-0.9146252870559692},"size":5.310078144073486,"orthographic":false}