{"cameraMode":{"drawMode":0,"name":"Shaded","section":"Shading Mode"},"sceneLighting":true,"audioPlay":false,"sceneViewState":{"m_AlwaysRefresh":false,"showFog":true,"showSkybox":true,"showFlares":true,"showImageEffects":true,"showParticleSystems":true,"showVisualEffectGraphs":true,"m_FxEnabled":true},"in2DMode":false,"pivot":{"x":-3.3227078914642336,"y":4.399391174316406,"z":20.921157836914064},"rotation":{"x":-0.09583176672458649,"y":0.020892586559057237,"z":-0.0020114507060498,"w":-0.9951779842376709},"size":24.74664878845215,"orthographic":false}