{"cameraMode":{"drawMode":0,"name":"Shaded","section":"Shading Mode"},"sceneLighting":true,"audioPlay":false,"sceneViewState":{"m_AlwaysRefresh":false,"showFog":true,"showSkybox":true,"showFlares":true,"showImageEffects":true,"showParticleSystems":true,"showVisualEffectGraphs":true,"m_FxEnabled":true},"in2DMode":false,"pivot":{"x":482.8997802734375,"y":302.79681396484377,"z":377.8268737792969},"rotation":{"x":0.00899974163621664,"y":-0.0033253913279622795,"z":-0.0000240930949075846,"w":-0.9999607801437378},"size":40.95931625366211,"orthographic":false}