{"cameraMode":{"drawMode":0,"name":"Shaded","section":"Shading Mode"},"sceneLighting":true,"audioPlay":false,"sceneViewState":{"m_AlwaysRefresh":false,"showFog":true,"showSkybox":true,"showFlares":true,"showImageEffects":true,"showParticleSystems":true,"showVisualEffectGraphs":true,"m_FxEnabled":true},"in2DMode":false,"pivot":{"x":-0.39652061462402346,"y":0.07900238037109375,"z":-0.8819049596786499},"rotation":{"x":0.08955283463001251,"y":-0.7518638372421265,"z":0.1044209823012352,"w":0.644809365272522},"size":3.912771463394165,"orthographic":false}