{"cameraMode":{"drawMode":0,"name":"Shaded","section":"Shading Mode"},"sceneLighting":true,"audioPlay":false,"sceneViewState":{"m_AlwaysRefresh":false,"showFog":true,"showSkybox":true,"showFlares":true,"showImageEffects":true,"showParticleSystems":true,"showVisualEffectGraphs":true,"m_FxEnabled":true},"in2DMode":false,"pivot":{"x":504.6799621582031,"y":299.9619445800781,"z":381.5848388671875},"rotation":{"x":0.00899974163621664,"y":-0.0033253913279622795,"z":-0.0000240930949075846,"w":-0.9999607801437378},"size":69.43321228027344,"orthographic":false}