{"cameraMode":{"drawMode":0,"name":"Shaded","section":"Shading Mode"},"sceneLighting":false,"audioPlay":false,"sceneViewState":{"m_AlwaysRefresh":false,"showFog":false,"showSkybox":false,"showFlares":false,"showImageEffects":false,"showParticleSystems":false,"showVisualEffectGraphs":true,"m_FxEnabled":true},"in2DMode":false,"pivot":{"x":1.645310640335083,"y":1.258345365524292,"z":-6.1980156898498539},"rotation":{"x":0.0071939388290047649,"y":0.9843447208404541,"z":-0.041367001831531528,"w":0.17119424045085908},"size":4.714501857757568,"orthographic":false}