{"cameraMode":{"drawMode":0,"name":"Shaded","section":"Shading Mode"},"sceneLighting":false,"audioPlay":false,"sceneViewState":{"m_AlwaysRefresh":false,"showFog":false,"showSkybox":false,"showFlares":false,"showImageEffects":false,"showParticleSystems":false,"showVisualEffectGraphs":true,"m_FxEnabled":true},"in2DMode":false,"pivot":{"x":-1.1921452283859254,"y":0.933164119720459,"z":-0.5469846725463867},"rotation":{"x":-0.08888200670480728,"y":0.28852248191833498,"z":-0.026909811422228814,"w":-0.9529610872268677},"size":1.5069313049316407,"orthographic":false}