{"cameraMode":{"drawMode":0,"name":"Shaded","section":"Shading Mode"},"sceneLighting":false,"audioPlay":false,"sceneViewState":{"m_AlwaysRefresh":false,"showFog":true,"showSkybox":false,"showFlares":true,"showImageEffects":true,"showParticleSystems":true,"showVisualEffectGraphs":true,"m_FxEnabled":true},"in2DMode":false,"pivot":{"x":11.354826927185059,"y":0.07800006866455078,"z":-1.9968146085739136},"rotation":{"x":-0.05370519310235977,"y":0.9050236940383911,"z":-0.12016179412603378,"w":-0.40449029207229617},"size":7.786643981933594,"orthographic":false}