{"cameraMode":{"drawMode":0,"name":"Shaded","section":"Shading Mode"},"sceneLighting":false,"audioPlay":false,"sceneViewState":{"m_AlwaysRefresh":false,"showFog":true,"showSkybox":false,"showFlares":true,"showImageEffects":true,"showParticleSystems":true,"showVisualEffectGraphs":true,"m_FxEnabled":true},"in2DMode":false,"pivot":{"x":0.7376739978790283,"y":1.567439317703247,"z":0.38171231746673586},"rotation":{"x":0.0036638732999563219,"y":-0.5806320309638977,"z":-0.002612425945699215,"w":-0.8141590356826782},"size":3.683356761932373,"orthographic":false}