{"cameraMode":{"drawMode":0,"name":"Shaded","section":"Shading Mode"},"sceneLighting":false,"audioPlay":false,"sceneViewState":{"m_AlwaysRefresh":false,"showFog":true,"showSkybox":false,"showFlares":true,"showImageEffects":true,"showParticleSystems":true,"showVisualEffectGraphs":true,"m_FxEnabled":true},"in2DMode":false,"pivot":{"x":-0.6226506233215332,"y":2.500000476837158,"z":-0.5068154335021973},"rotation":{"x":-0.027759676799178125,"y":0.9443603157997131,"z":-0.31714898347854617,"w":-0.08265803009271622},"size":7.569891929626465,"orthographic":false}