{"cameraMode":{"drawMode":0,"name":"Shaded","section":"Shading Mode"},"sceneLighting":true,"audioPlay":false,"sceneViewState":{"m_AlwaysRefresh":false,"showFog":true,"showSkybox":false,"showFlares":true,"showImageEffects":true,"showParticleSystems":true,"showVisualEffectGraphs":true,"m_FxEnabled":true},"in2DMode":false,"pivot":{"x":17.492645263671876,"y":-11.606338500976563,"z":30.182777404785158},"rotation":{"x":0.04761352390050888,"y":0.12345902621746063,"z":-0.005935598164796829,"w":0.9911964535713196},"size":63.65286636352539,"orthographic":false}